kind,step,order,window,backoff,upd,rmse,curve
open,,test_order,20,,,1.8497901054197792,"[0, 14, 32, 51, 66, 77, 86, 93, 97, 98, 99, 99, 99, 99, 100, 100]"
closed,3.0,test_order,10,200.0,10.0,3.051483445023328,"[13, 15, 36, 56, 67, 76, 82, 87, 91, 93, 96, 98, 99, 99, 100, 100]"
closed,3.0,test_order,20,96.0,20.0,3.9025030396631744,"[17, 20, 30, 57, 67, 79, 85, 90, 93, 95, 96, 98, 99, 99, 99, 100]"
closed,,test_order,10,32.0,10.0,4.035996198413652,"[14, 15, 22, 45, 64, 76, 85, 91, 95, 96, 97, 97, 98, 99, 99, 100]"
closed,,test_order,10,32.0,20.0,4.473006385378456,"[18, 18, 24, 46, 65, 77, 86, 92, 96, 97, 98, 99, 99, 99, 99, 100]"
closed,,test_order,10,64.0,20.0,4.484266569046537,"[11, 11, 19, 43, 64, 75, 84, 91, 95, 95, 96, 97, 98, 98, 98, 100]"
closed,3.0,test_order,10,200.0,20.0,4.704573790894471,"[15, 18, 40, 62, 72, 81, 86, 92, 94, 96, 97, 98, 99, 100, 100, 100]"
closed,3.0,test_order,20,200.0,20.0,4.780663946562105,"[13, 15, 27, 52, 60, 70, 77, 82, 88, 91, 95, 97, 98, 99, 99, 100]"
closed,3.0,test_order,20,64.0,20.0,4.9169812823839,"[20, 22, 31, 59, 69, 81, 87, 91, 95, 96, 97, 98, 99, 99, 99, 100]"
closed,,test_order,10,64.0,10.0,4.996158158623219,"[8, 9, 18, 42, 62, 73, 82, 89, 92, 94, 95, 96, 97, 98, 99, 100]"
closed,,test_order,10,96.0,20.0,5.005515817612906,"[9, 9, 17, 43, 62, 73, 83, 90, 93, 96, 96, 96, 97, 98, 99, 100]"
open,,test_order,50,,,5.309329024224698,"[0, 7, 21, 41, 58, 70, 80, 88, 93, 96, 97, 98, 98, 99, 99, 99]"
closed,3.0,test_order,10,96.0,10.0,5.482943151299517,"[16, 20, 40, 62, 74, 83, 89, 92, 95, 96, 98, 98, 99, 99, 100, 100]"
closed,,test_order,10,96.0,10.0,6.162362576854592,"[6, 7, 16, 41, 60, 71, 80, 86, 90, 92, 93, 95, 96, 98, 99, 99]"
closed,3.0,test_order,10,64.0,10.0,6.716938888861314,"[18, 21, 41, 64, 76, 85, 91, 94, 96, 97, 98, 99, 99, 100, 100, 100]"
closed,3.0,test_order,20,32.0,20.0,6.727818824522632,"[24, 26, 35, 61, 71, 83, 89, 93, 96, 97, 98, 98, 99, 99, 99, 100]"
closed,,test_order,20,32.0,20.0,6.78690629266476,"[21, 18, 21, 38, 58, 70, 80, 88, 92, 95, 95, 96, 97, 98, 99, 99]"
closed,,test_order,10,200.0,20.0,7.0253728327352425,"[5, 5, 15, 40, 58, 69, 79, 84, 92, 92, 91, 96, 97, 97, 99, 100]"
closed,3.0,test_order,10,96.0,20.0,7.243686600376172,"[19, 22, 42, 65, 76, 86, 92, 94, 97, 98, 98, 99, 99, 100, 100, 100]"
closed,,test_order,20,64.0,20.0,7.902725080255549,"[12, 11, 15, 35, 55, 68, 77, 85, 89, 92, 93, 94, 95, 97, 98, 99]"
closed,3.0,test_order,20,32.0,10.0,7.920747471554364,"[27, 28, 35, 46, 56, 66, 75, 88, 93, 96, 96, 97, 98, 98, 99, 99]"
closed,3.0,test_order,10,64.0,20.0,8.094929918807459,"[21, 23, 43, 66, 78, 87, 92, 96, 97, 98, 99, 99, 99, 100, 100, 100]"
closed,3.0,test_order,10,32.0,10.0,8.421217008594295,"[22, 25, 44, 66, 78, 87, 92, 95, 97, 98, 99, 99, 99, 100, 100, 100]"
closed,,test_order,20,96.0,20.0,9.262241878327426,"[8, 8, 13, 34, 54, 66, 75, 82, 86, 90, 90, 93, 94, 96, 98, 99]"
closed,3.0,test_order,20,64.0,10.0,9.275943585605516,"[19, 20, 25, 35, 47, 60, 72, 85, 92, 94, 95, 96, 97, 97, 98, 98]"
closed,3.0,test_order,10,32.0,20.0,9.343921359873704,"[24, 26, 45, 67, 79, 88, 93, 96, 98, 99, 99, 99, 99, 100, 100, 100]"
closed,,test_order,10,200.0,10.0,9.986501708070188,"[3, 4, 14, 37, 54, 64, 73, 78, 84, 87, 88, 92, 94, 97, 99, 99]"
open,3.0,test_order,50,,,11.172605194984383,"[23, 39, 56, 66, 78, 86, 90, 93, 97, 98, 98, 99, 99, 99, 99, 100]"
closed,3.0,test_order,20,96.0,10.0,11.675282905601236,"[15, 16, 21, 29, 42, 57, 66, 84, 90, 92, 93, 95, 96, 97, 97, 98]"
closed,,test_order,20,32.0,10.0,13.314282308529101,"[22, 21, 28, 34, 40, 51, 62, 73, 87, 93, 95, 96, 96, 97, 98, 98]"
closed,,test_order,20,200.0,20.0,13.546643904284572,"[5, 5, 11, 31, 49, 59, 68, 72, 79, 83, 83, 90, 91, 94, 98, 99]"
open,3.0,test_order,20,,,15.924647853422465,"[32, 48, 63, 75, 85, 90, 93, 97, 99, 99, 99, 99, 100, 100, 100, 100]"
closed,3.0,test_order,20,200.0,10.0,17.493646196027548,"[9, 10, 12, 20, 30, 48, 58, 74, 84, 86, 89, 92, 93, 94, 95, 96]"
closed,,test_order,20,64.0,10.0,17.845281849779425,"[12, 14, 19, 23, 31, 42, 54, 67, 83, 90, 92, 93, 94, 95, 96, 97]"
closed,3.0,test_order,20,32.0,1.0,18.490120160194007,"[29, 29, 34, 39, 46, 52, 60, 67, 72, 73, 74, 80, 85, 87, 92, 99]"
closed,3.0,test_order,10,32.0,1.0,20.190082168769887,"[20, 21, 27, 34, 42, 47, 56, 63, 68, 69, 71, 78, 85, 86, 92, 99]"
closed,,test_order,20,96.0,10.0,20.740781026615593,"[9, 11, 15, 18, 26, 37, 50, 65, 81, 87, 89, 91, 92, 93, 95, 97]"
closed,3.0,test_order,20,64.0,1.0,24.387520544991716,"[18, 19, 22, 29, 35, 41, 48, 58, 64, 65, 67, 73, 81, 82, 88, 97]"
closed,3.0,test_order,10,64.0,1.0,25.570777452624608,"[12, 13, 20, 26, 34, 39, 48, 56, 62, 63, 65, 72, 81, 82, 88, 98]"
closed,,test_order,20,200.0,10.0,26.94540589531897,"[5, 7, 9, 11, 19, 30, 41, 53, 69, 80, 80, 85, 86, 89, 92, 94]"
closed,3.0,test_order,20,96.0,1.0,27.91494613645635,"[14, 15, 18, 24, 30, 36, 43, 52, 60, 62, 63, 69, 78, 80, 85, 96]"
closed,3.0,test_order,10,96.0,1.0,28.56932749331585,"[9, 10, 16, 23, 30, 35, 43, 51, 59, 60, 62, 69, 78, 80, 85, 96]"
closed,3.0,test_order,10,200.0,1.0,33.58546754765196,"[5, 6, 12, 17, 24, 29, 35, 44, 54, 56, 57, 62, 74, 75, 80, 93]"
closed,3.0,test_order,20,200.0,1.0,33.818083328456254,"[8, 9, 11, 17, 23, 29, 34, 43, 54, 56, 57, 63, 74, 75, 80, 93]"
closed,,test_order,20,32.0,1.0,41.04219892339182,"[26, 27, 29, 32, 33, 35, 36, 36, 39, 39, 42, 48, 57, 63, 62, 63]"
closed,,test_order,10,32.0,1.0,43.044086427474646,"[17, 18, 20, 22, 24, 25, 27, 29, 31, 34, 41, 51, 61, 64, 73, 81]"
closed,,test_order,10,64.0,1.0,52.04965934109156,"[10, 11, 12, 13, 14, 15, 17, 19, 20, 23, 28, 39, 51, 55, 67, 77]"
closed,,test_order,20,64.0,1.0,52.06051544730068,"[16, 17, 18, 20, 21, 22, 23, 23, 24, 25, 28, 33, 44, 52, 51, 54]"
closed,,test_order,10,96.0,1.0,56.444154974282455,"[7, 8, 9, 9, 10, 11, 12, 14, 15, 17, 22, 32, 45, 50, 62, 74]"
closed,,test_order,20,96.0,1.0,57.47957097153912,"[12, 13, 14, 15, 15, 16, 17, 17, 19, 18, 20, 26, 37, 47, 46, 51]"
closed,,test_order,10,200.0,1.0,62.759565347748314,"[4, 4, 4, 5, 5, 6, 6, 7, 8, 9, 14, 21, 36, 42, 53, 68]"
closed,,test_order,20,200.0,1.0,65.19807090894594,"[6, 7, 7, 8, 8, 8, 9, 9, 10, 10, 11, 15, 26, 37, 38, 44]"
