kind,order,window,backoff,update_every,rmse,curve
open,test_order,20,,,1.8497901054197792,"[0.0, 14.0, 32.0, 51.5, 66.3, 77.2, 85.9, 92.8, 96.7, 98.3, 98.8, 99.1, 99.3, 99.4, 99.6, 99.7]"
closed,test_order,10,32.0,10.0,4.035996198413652,"[14.4, 14.8, 22.4, 44.6, 63.6, 75.8, 84.9, 91.3, 94.6, 96.2, 97.0, 97.4, 98.1, 98.7, 99.2, 99.5]"
closed,test_order,10,32.0,20.0,4.473006385378456,"[18.4, 17.6, 24.2, 45.6, 64.9, 76.6, 86.1, 92.4, 96.4, 96.9, 97.7, 98.6, 98.7, 99.2, 99.3, 99.6]"
closed,test_order,10,64.0,20.0,4.484266569046537,"[11.2, 10.8, 19.3, 43.5, 63.7, 74.8, 84.2, 91.3, 95.3, 95.2, 96.0, 96.9, 97.9, 98.3, 98.5, 99.5]"
closed,test_order,10,64.0,10.0,4.996158158623219,"[8.5, 9.2, 18.2, 42.3, 61.5, 73.3, 82.2, 88.8, 92.4, 94.1, 95.0, 96.0, 97.1, 98.0, 98.9, 99.5]"
closed,test_order,10,96.0,20.0,5.005515817612906,"[8.5, 8.6, 17.4, 42.5, 62.1, 73.1, 83.2, 89.5, 93.0, 95.7, 96.3, 96.4, 97.4, 98.2, 98.8, 99.5]"
open,test_order,50,,,5.309329024224698,"[0.0, 7.4, 21.2, 40.9, 57.6, 69.9, 79.5, 87.7, 93.4, 96.1, 97.2, 97.7, 98.1, 98.6, 99.0, 99.3]"
closed,test_order,10,16.0,10.0,6.093060889590515,"[25.5, 25.3, 30.2, 48.0, 65.1, 77.4, 86.7, 93.1, 96.3, 97.5, 98.1, 98.4, 98.7, 99.1, 99.4, 99.6]"
closed,test_order,10,96.0,10.0,6.162362576854592,"[6.4, 7.0, 16.4, 40.9, 59.6, 71.2, 80.2, 86.4, 90.3, 92.4, 93.2, 95.2, 96.5, 97.6, 98.9, 99.4]"
closed,test_order,20,32.0,20.0,6.78690629266476,"[20.6, 18.4, 20.8, 37.8, 57.6, 70.5, 80.4, 87.6, 92.2, 94.9, 95.5, 96.3, 96.9, 97.7, 98.6, 99.2]"
closed,test_order,20,64.0,20.0,7.902725080255549,"[11.5, 11.3, 15.0, 35.0, 55.4, 67.8, 77.3, 84.8, 89.3, 92.4, 93.2, 93.9, 95.3, 96.7, 98.0, 99.1]"
closed,test_order,10,16.0,20.0,8.163248465574268,"[32.6, 29.7, 33.2, 49.4, 66.0, 78.0, 87.5, 94.1, 97.4, 98.5, 98.6, 98.9, 99.1, 99.5, 99.4, 99.6]"
closed,test_order,20,96.0,20.0,9.262241878327426,"[8.4, 8.4, 13.2, 33.8, 53.8, 65.6, 75.1, 82.0, 86.3, 90.0, 90.4, 92.9, 94.5, 95.9, 97.9, 98.9]"
open,test_order,100,,,9.373426823718825,"[0.0, 4.4, 15.1, 33.0, 50.5, 63.6, 73.6, 82.3, 89.0, 92.8, 94.5, 95.5, 96.3, 97.2, 98.0, 98.6]"
closed,test_order,20,16.0,20.0,9.79364466627179,"[38.1, 32.0, 31.7, 43.4, 59.9, 72.9, 82.9, 90.6, 94.9, 96.8, 97.4, 97.9, 98.1, 98.6, 98.9, 99.3]"
closed,test_order,10,16.0,5.0,10.403130857788462,"[26.3, 27.9, 33.0, 38.0, 47.4, 58.2, 70.8, 81.3, 93.6, 96.6, 97.6, 98.0, 98.3, 98.7, 99.0, 99.1]"
closed,test_order,10,8.0,10.0,11.60769897798156,"[41.6, 39.9, 42.3, 53.7, 67.4, 78.6, 87.8, 94.2, 97.4, 98.5, 98.9, 99.0, 99.2, 99.4, 99.6, 99.7]"
closed,test_order,20,16.0,10.0,12.433689308913776,"[38.7, 34.9, 39.1, 45.4, 50.4, 60.4, 69.4, 79.6, 89.1, 95.6, 96.9, 97.4, 97.8, 98.2, 98.4, 98.9]"
closed,test_order,10,8.0,5.0,12.620684240644335,"[42.0, 41.7, 45.4, 50.4, 57.3, 66.6, 76.0, 83.9, 94.6, 97.7, 98.5, 98.9, 99.0, 99.2, 99.3, 99.5]"
closed,test_order,10,32.0,5.0,13.159983219273775,"[15.3, 17.4, 22.2, 27.2, 37.9, 51.1, 65.3, 76.4, 91.2, 95.1, 96.1, 96.6, 97.2, 97.7, 98.3, 98.7]"
closed,test_order,20,32.0,10.0,13.314282308529101,"[21.9, 21.4, 27.6, 33.6, 40.3, 50.9, 62.0, 72.9, 86.6, 92.7, 95.0, 95.6, 96.2, 96.9, 97.7, 98.3]"
closed,test_order,10,8.0,20.0,14.968428414916557,"[52.3, 46.8, 46.3, 56.0, 68.5, 79.0, 88.1, 94.7, 97.8, 98.9, 99.1, 99.4, 99.5, 99.6, 99.6, 99.7]"
closed,test_order,20,8.0,20.0,16.06137414212244,"[55.7, 50.5, 47.3, 52.0, 63.8, 74.4, 84.0, 91.7, 96.2, 97.9, 98.4, 98.6, 98.8, 99.0, 99.3, 99.5]"
closed,test_order,20,8.0,10.0,16.87833064299271,"[55.7, 51.8, 52.0, 56.6, 61.8, 68.5, 76.5, 83.9, 90.5, 96.6, 97.9, 98.4, 98.6, 98.8, 99.0, 99.2]"
closed,test_order,10,64.0,5.0,17.09359669197509,"[9.1, 11.0, 14.1, 19.4, 31.3, 43.5, 59.3, 73.0, 87.7, 92.6, 93.5, 94.5, 95.5, 96.1, 97.2, 97.9]"
closed,test_order,20,64.0,10.0,17.845281849779425,"[12.5, 14.2, 19.0, 23.2, 31.0, 41.9, 54.3, 67.2, 83.4, 90.0, 91.9, 92.9, 93.8, 95.2, 96.4, 97.3]"
closed,test_order,50,32.0,20.0,17.913303558212903,"[39.4, 30.1, 33.0, 42.4, 47.5, 50.6, 58.7, 65.2, 70.5, 76.4, 84.2, 87.9, 92.4, 94.3, 96.0, 96.8]"
closed,test_order,20,16.0,5.0,18.20295886191713,"[39.4, 36.9, 41.0, 45.5, 49.1, 52.2, 58.4, 64.6, 69.9, 75.5, 85.1, 87.4, 95.9, 97.6, 98.0, 98.4]"
closed,test_order,50,16.0,20.0,18.363894260974526,"[57.6, 49.6, 46.7, 53.1, 58.2, 62.3, 69.0, 75.8, 80.2, 83.4, 89.9, 93.1, 95.7, 96.8, 97.2, 97.9]"
closed,test_order,20,8.0,5.0,18.94519406031705,"[55.8, 53.1, 54.1, 57.4, 61.9, 65.3, 69.8, 75.0, 78.8, 82.0, 88.9, 91.6, 97.4, 98.5, 98.8, 99.0]"
closed,test_order,10,96.0,5.0,19.17575011053785,"[6.8, 8.2, 10.3, 15.5, 27.1, 40.3, 57.0, 73.3, 85.2, 90.3, 91.5, 92.8, 94.0, 95.0, 96.4, 97.3]"
closed,test_order,20,96.0,10.0,20.740781026615593,"[9.2, 11.3, 14.7, 18.0, 25.9, 37.1, 50.1, 65.1, 80.5, 86.9, 89.0, 90.9, 92.0, 93.3, 95.2, 96.5]"
closed,test_order,50,16.0,10.0,21.139582461782037,"[57.6, 51.4, 50.5, 55.9, 59.5, 62.7, 65.1, 67.8, 72.5, 74.2, 79.4, 87.2, 89.7, 93.3, 96.4, 97.2]"
closed,test_order,50,8.0,20.0,22.894940754789275,"[69.9, 67.8, 62.0, 63.5, 67.7, 72.3, 76.0, 82.4, 86.3, 88.7, 93.0, 95.5, 97.2, 98.0, 98.2, 98.6]"
closed,test_order,20,32.0,5.0,23.02876817072594,"[23.2, 23.3, 28.0, 32.8, 35.5, 39.0, 45.6, 53.7, 60.3, 68.7, 79.1, 82.0, 93.6, 96.0, 96.8, 97.4]"
closed,test_order,50,64.0,20.0,23.052321939943624,"[22.6, 18.6, 24.3, 32.0, 35.6, 39.2, 47.8, 54.2, 60.3, 68.1, 76.8, 84.3, 88.6, 91.0, 93.8, 95.2]"
closed,test_order,50,32.0,10.0,23.482336426432816,"[39.8, 33.3, 36.3, 44.3, 47.6, 49.0, 51.4, 54.0, 60.7, 63.1, 70.4, 79.7, 83.3, 89.7, 93.9, 95.8]"
closed,test_order,50,8.0,10.0,23.8814699752017,"[69.9, 67.9, 64.5, 66.1, 69.5, 73.8, 75.9, 78.4, 82.0, 83.1, 85.9, 91.3, 93.4, 95.7, 97.7, 98.2]"
closed,test_order,50,16.0,5.0,24.294814798931718,"[57.7, 53.2, 53.8, 58.1, 60.5, 63.8, 65.1, 65.9, 68.2, 69.2, 71.7, 75.6, 80.2, 85.0, 84.9, 89.5]"
closed,test_order,10,8.0,1.0,24.31214037171787,"[43.5, 44.2, 46.5, 48.9, 51.9, 54.5, 56.5, 59.5, 61.2, 63.8, 68.4, 74.5, 80.5, 82.1, 86.9, 90.0]"
closed,test_order,20,8.0,1.0,24.43308924267497,"[56.5, 56.0, 57.6, 59.2, 62.5, 65.3, 67.1, 68.2, 69.8, 69.9, 72.0, 75.7, 80.3, 83.8, 83.3, 85.3]"
closed,test_order,50,8.0,5.0,24.990916229908063,"[69.9, 68.1, 66.5, 68.3, 70.6, 74.9, 76.5, 78.4, 79.8, 80.6, 81.5, 85.2, 87.7, 90.8, 90.8, 94.1]"
closed,test_order,50,16.0,1.0,25.707547797660354,"[58.2, 57.2, 58.2, 60.8, 61.9, 66.2, 67.6, 68.9, 69.3, 70.1, 70.8, 71.7, 75.8, 80.5, 82.0, 81.7]"
closed,test_order,50,8.0,1.0,25.75180426684853,"[70.0, 69.4, 69.8, 70.9, 72.1, 76.7, 78.6, 80.7, 81.2, 81.9, 82.3, 82.9, 85.5, 87.9, 89.3, 89.0]"
closed,test_order,50,96.0,20.0,26.80669995201871,"[15.9, 15.1, 20.7, 26.6, 28.9, 32.6, 41.1, 49.1, 54.9, 64.5, 73.2, 80.9, 86.7, 89.2, 92.3, 94.0]"
closed,test_order,50,32.0,5.0,29.28183116905837,"[40.3, 36.8, 39.8, 45.3, 47.6, 49.4, 50.6, 51.3, 54.8, 55.2, 58.2, 63.2, 70.5, 76.4, 77.1, 83.9]"
closed,test_order,20,64.0,5.0,29.75192973915628,"[13.6, 15.2, 18.5, 21.4, 23.5, 27.4, 34.4, 43.6, 51.8, 63.1, 72.2, 76.9, 89.9, 93.6, 94.8, 95.7]"
closed,test_order,20,16.0,1.0,30.17255796282431,"[41.4, 41.3, 44.0, 46.0, 48.5, 50.5, 52.0, 52.7, 54.6, 54.9, 57.5, 62.5, 69.8, 74.7, 73.8, 75.7]"
closed,test_order,50,64.0,10.0,30.984214550013622,"[23.8, 21.1, 26.4, 32.7, 34.5, 35.8, 38.2, 40.6, 48.4, 50.3, 58.1, 71.3, 76.1, 85.9, 91.1, 93.1]"
closed,test_order,50,32.0,1.0,31.945892673755715,"[42.4, 41.6, 43.3, 47.2, 48.8, 52.2, 52.5, 52.9, 53.4, 54.1, 55.5, 57.7, 63.0, 69.4, 71.4, 70.6]"
closed,test_order,10,16.0,1.0,32.64222966740898,"[28.5, 29.8, 32.6, 34.7, 36.9, 39.0, 40.9, 43.9, 46.0, 48.9, 54.6, 63.2, 71.2, 73.6, 79.7, 85.7]"
closed,test_order,20,96.0,5.0,33.72718348483002,"[10.0, 11.7, 14.2, 15.9, 17.5, 21.4, 28.1, 37.4, 47.1, 58.8, 68.0, 76.0, 86.1, 92.2, 93.1, 94.5]"
closed,test_order,50,96.0,10.0,35.65238671991238,"[17.5, 17.2, 21.7, 25.9, 26.8, 28.6, 31.1, 34.4, 42.1, 44.2, 54.2, 65.8, 72.7, 79.8, 89.0, 91.2]"
closed,test_order,50,64.0,5.0,39.34054676140404,"[25.4, 24.4, 28.1, 32.9, 33.6, 35.0, 36.3, 36.0, 39.5, 39.2, 43.3, 50.4, 59.2, 65.5, 67.7, 75.5]"
closed,test_order,20,32.0,1.0,41.04219892339182,"[26.1, 26.9, 29.2, 32.1, 33.4, 34.9, 36.1, 36.3, 38.8, 38.7, 41.6, 47.9, 57.0, 63.2, 61.7, 63.5]"
closed,test_order,10,32.0,1.0,43.044086427474646,"[17.0, 18.1, 20.5, 22.3, 23.6, 25.2, 27.0, 29.4, 31.4, 34.4, 40.5, 50.6, 60.7, 64.3, 73.0, 81.1]"
closed,test_order,50,64.0,1.0,43.193187591127135,"[28.6, 28.9, 30.2, 32.9, 34.3, 36.1, 36.8, 37.5, 37.6, 38.3, 38.9, 41.8, 48.1, 57.0, 59.1, 57.6]"
closed,test_order,50,96.0,5.0,45.66899007625922,"[18.7, 19.9, 22.8, 26.0, 26.1, 27.6, 28.6, 28.4, 32.3, 31.3, 35.7, 39.6, 52.8, 57.6, 61.8, 71.0]"
closed,test_order,50,96.0,1.0,50.07625138097159,"[21.9, 22.9, 24.0, 26.0, 26.9, 28.3, 28.5, 29.3, 29.3, 29.9, 30.8, 33.0, 39.9, 48.8, 51.3, 48.9]"
closed,test_order,10,64.0,1.0,52.04965934109156,"[9.9, 10.8, 12.1, 13.1, 14.2, 15.3, 16.5, 18.6, 20.2, 22.5, 28.1, 38.6, 50.8, 54.8, 66.8, 76.6]"
closed,test_order,20,64.0,1.0,52.06051544730068,"[15.9, 17.1, 18.3, 20.1, 20.9, 22.0, 22.6, 23.2, 24.4, 25.1, 27.5, 33.4, 43.9, 52.2, 51.3, 54.4]"
closed,test_order,10,,20.0,52.98190960827075,"[0.2, 0.3, 1.2, 3.5, 3.7, 5.3, 8.1, 7.4, 25.7, 21.7, 17.4, 43.5, 93.3, 96.4, 97.6, 99.5]"
closed,test_order,10,96.0,1.0,56.444154974282455,"[7.2, 7.8, 8.6, 9.5, 10.0, 11.0, 11.9, 13.6, 14.9, 17.4, 21.8, 32.3, 45.3, 49.8, 62.1, 74.0]"
closed,test_order,10,,10.0,56.705408593275806,"[0.1, 0.2, 0.9, 2.2, 2.8, 4.1, 5.0, 5.5, 6.1, 6.7, 24.0, 44.5, 71.6, 86.3, 97.4, 99.4]"
closed,test_order,20,96.0,1.0,57.47957097153912,"[11.8, 12.7, 13.6, 14.7, 15.3, 15.7, 16.6, 17.0, 18.6, 18.3, 20.4, 26.1, 36.8, 46.8, 46.2, 50.8]"
closed,test_order,20,,20.0,59.465875672498875,"[0.2, 0.2, 0.8, 1.9, 2.7, 3.6, 4.7, 5.3, 5.7, 6.6, 9.1, 34.2, 61.6, 73.5, 94.9, 98.9]"
closed,test_order,10,,5.0,64.38062334402622,"[0.1, 0.1, 0.1, 0.3, 0.6, 1.3, 2.8, 3.6, 5.5, 6.7, 10.3, 19.7, 33.6, 55.7, 63.3, 66.7]"
closed,test_order,20,,10.0,67.62282888479871,"[0.1, 0.1, 0.2, 0.2, 0.5, 0.8, 2.6, 3.5, 5.4, 6.2, 6.7, 14.5, 29.0, 34.2, 45.9, 58.8]"
closed,test_order,50,,20.0,72.96651672497696,"[0.2, 0.2, 0.2, 0.3, 0.3, 0.6, 0.9, 1.5, 2.7, 3.4, 4.2, 7.4, 14.3, 27.3, 29.0, 29.0]"
open,expanding,50,,,73.79958010735852,"[0.0, 0.2, 0.7, 1.7, 2.6, 3.0, 3.4, 4.0, 4.9, 5.8, 6.6, 7.4, 8.5, 10.9, 17.6, 32.0]"
open,expanding,100,,,73.79958010735852,"[0.0, 0.2, 0.7, 1.7, 2.6, 3.0, 3.4, 4.0, 4.9, 5.8, 6.6, 7.4, 8.5, 10.9, 17.6, 32.0]"
open,expanding,20,,,73.79958010735852,"[0.0, 0.2, 0.7, 1.7, 2.6, 3.0, 3.4, 4.0, 4.9, 5.8, 6.6, 7.4, 8.5, 10.9, 17.6, 32.0]"
closed,test_order,20,,5.0,74.16112041315613,"[0.1, 0.1, 0.1, 0.1, 0.3, 0.2, 0.8, 1.1, 2.4, 2.7, 3.9, 5.5, 11.2, 24.5, 20.5, 30.1]"
closed,test_order,50,,10.0,76.58008986515095,"[0.2, 0.2, 0.2, 0.2, 0.2, 0.3, 0.7, 0.6, 1.7, 0.9, 2.4, 3.3, 9.7, 14.7, 13.8, 19.1]"
closed,test_order,10,,1.0,78.16291760361933,"[0.1, 0.1, 0.1, 0.1, 0.1, 0.1, 0.1, 0.1, 0.2, 0.3, 0.4, 2.4, 5.3, 7.4, 11.9, 17.5]"
closed,test_order,50,,5.0,80.0564630859247,"[0.2, 0.2, 0.2, 0.2, 0.2, 0.2, 0.2, 0.2, 0.3, 0.2, 0.4, 1.0, 1.5, 2.1, 6.2, 6.9]"
open,per_device_max,20,,,80.07211717148097,"[0.0, 0.0, 0.0, 0.0, 0.0, 0.0, 0.1, 0.1, 0.1, 0.1, 0.1, 0.1, 0.2, 0.9, 4.4, 13.7]"
open,per_device_max,100,,,80.07211717148097,"[0.0, 0.0, 0.0, 0.0, 0.0, 0.0, 0.1, 0.1, 0.1, 0.1, 0.1, 0.1, 0.2, 0.9, 4.4, 13.7]"
open,per_device_max,50,,,80.07211717148097,"[0.0, 0.0, 0.0, 0.0, 0.0, 0.0, 0.1, 0.1, 0.1, 0.1, 0.1, 0.1, 0.2, 0.9, 4.4, 13.7]"
closed,test_order,20,,1.0,80.24871193343046,"[0.1, 0.1, 0.1, 0.1, 0.1, 0.1, 0.1, 0.1, 0.1, 0.2, 0.2, 0.4, 1.9, 3.3, 3.8, 6.4]"
closed,test_order,50,,1.0,81.02626886582827,"[0.1, 0.1, 0.1, 0.2, 0.2, 0.2, 0.2, 0.2, 0.2, 0.2, 0.2, 0.2, 0.4, 0.9, 1.4, 2.1]"
