variant,scheme,pdr,LM,energy_pct,toa_pct,paper_energy_pct,paper_toa_pct,mean_sf,mean_tp_dbm
stateless (final run),ANN,80,1.25,-2.2966354207679123,-15.515588211030867,3.814935064935065,-3.684971098265896,8.143180113633298,14.307428311697773
stateless (final run),SVR,80,1.5,0.6641546026013595,-12.00237477973111,-0.8928571428571428,-8.38150289017341,8.123998424457598,14.533883771101427
stateless (final run),RF,80,1.25,1.421328383242023,-10.692053548848675,-4.058441558441558,-12.066473988439306,8.121543384070835,14.369782765453552
stateless (final run),MLR,80,1.75,-10.343660445902724,-22.489272243612383,-14.366883116883116,-16.690751445086704,8.220608310446602,14.600771692707179
stateless (final run),Friis,80,0.0,-9.009675343474763,-26.77834622827912,-30.03246753246753,-40.39017341040462,8.293919593380563,15.419614380267902
stateless (final run),SPLMSF,80,3.25,-68.91854615686898,-78.5044567691366,-72.32142857142857,-70.15895953757226,8.459427085300513,15.4515138265179
stateless (final run),SPLMSFT,80,3.25,-67.01453926824502,-77.09487082739979,-50.56818181818182,-55.5635838150289,8.45514830062644,15.44069417085854
stateless (final run),ANN,85,1.5,7.786870119846761,-4.041646506042371,14.853896103896105,16.257225433526013,8.175187365444902,14.476688696568054
stateless (final run),SVR,85,1.75,10.249909380323718,-2.390010434944822,10.47077922077922,13.945086705202312,8.159140573993838,14.686856406563743
stateless (final run),RF,85,1.5,10.747047132391998,-1.9385679058406438,7.386363636363636,11.560693641618498,8.162577630535306,14.514021791491363
stateless (final run),MLR,85,2.0,0.7139050540861486,-12.204921329843394,-2.191558441558441,7.9479768786127165,8.257201901442269,14.741634472178612
stateless (final run),Friis,85,0.5,-3.579262152220132,-16.601122776744663,-16.63961038961039,-11.127167630057803,8.334479018847157,15.797500291640311
stateless (final run),SPLMSF,85,4.0,-64.51230493534491,-74.2785022647911,-60.06493506493506,-54.6242774566474,8.57404779504999,15.875135082050152
stateless (final run),SPLMSFT,85,3.75,-55.88466604725976,-66.71077714105827,-36.12012987012987,-35.910404624277454,8.532765346700264,15.722632755407986
stateless (final run),ANN,90,2.0,16.31081078627569,5.496535357426503,17.37012987012987,17.557803468208093,8.251455488229295,14.77734924307915
stateless (final run),SVR,90,2.0,23.420612112545488,12.345161152249261,13.87987012987013,15.534682080924856,8.194482364176913,14.849638800600637
stateless (final run),RF,90,1.75,24.27686781751865,12.507906613971768,10.714285714285714,13.00578034682081,8.193575887726416,14.668216341900601
stateless (final run),MLR,90,2.5,9.980868548830331,-3.1443830938759008,4.626623376623376,9.971098265895954,8.331689445484614,15.02851972749803
stateless (final run),Friis,90,1.0,9.323479483101037,2.799773621157861,-11.03896103896104,-10.83815028901734,8.342491623186373,16.228349718105708
stateless (final run),SPLMSF,90,4.75,-49.32362197041223,-58.74245602020292,-55.11363636363636,-43.64161849710983,8.688862749753147,16.287733414959376
stateless (final run),SPLMSFT,90,4.75,-48.99856326168834,-58.73846109945927,-35.146103896103895,-34.104046242774565,8.687060588238468,16.2819396783394
stateless (final run),ANN,95,2.5,16.695813308905695,5.817690094198768,19.805194805194805,28.251445086705203,8.330189442786768,15.064332917259302
stateless (final run),SVR,95,2.5,23.188259217424203,13.329838206151429,15.584415584415584,25.289017341040463,8.273707326811738,15.15370094578323
stateless (final run),RF,95,2.5,18.971331808205427,7.353170725086182,11.03896103896104,20.014450867052023,8.315124667490409,15.105889964334843
stateless (final run),MLR,95,3.25,4.250881967514584,-8.814422319950026,7.548701298701299,13.945086705202312,8.443013386714725,15.474518235911557
stateless (final run),Friis,95,2.0,0.5357213581456967,-18.303607785650264,-9.577922077922077,-5.997109826589595,8.526538716796253,16.608804192159464
stateless (final run),SPLMSF,95,6.0,-57.37069521128923,-64.46329437793523,-53.40909090909091,-13.00578034682081,8.875569920089784,16.949174841880026
stateless (final run),SPLMSFT,95,6.0,-57.67456325507557,-65.00028843282566,-34.65909090909091,-9.104046242774569,8.876012366928718,16.944521335195585
stateless (final run),ANN,99,4.0,43.291821949308094,36.41905029796022,43.26298701298701,32.73121387283237,8.550954228334943,15.955424284783467
stateless (final run),SVR,99,3.75,49.63541658719833,41.65044887090924,41.1525974025974,30.202312138728324,8.474615961539499,15.849475281629587
stateless (final run),RF,99,3.75,47.391121744230155,39.75440123869301,38.5551948051948,27.60115606936416,8.50222572342756,15.839636779395567
stateless (final run),MLR,99,4.75,34.86307864674449,26.733111094525395,20.0487012987013,17.991329479768787,8.662040759066114,16.381683850465738
stateless (final run),Friis,99,3.75,21.20773111484997,19.219587156972597,-10.308441558441558,-2.8179190751445087,8.73484484684325,17.966992605374163
stateless (final run),SPLMSF,99,8.75,0.5615686576946399,-2.6526288360245864,-18.99350649350649,-7.225433526011561,9.27829906168896,18.177946426211275
stateless (final run),SPLMSFT,99,8.75,0.473207075529777,-2.6411962067830395,-10.876623376623376,-3.8294797687861273,9.277667765589506,18.175429030050193
carry TP+SF,ANN,80,1.25,-22.732860307261056,-82.07555207543042,3.814935064935065,-3.684971098265896,9.144172921174318,12.808693461962966
carry TP+SF,SVR,80,1.5,-19.88159416663746,-81.00987643301596,-0.8928571428571428,-8.38150289017341,9.15101466009831,12.970795636442896
carry TP+SF,RF,80,1.25,-18.186805841288994,-76.5885396592273,-4.058441558441558,-12.066473988439306,9.120658490392968,12.864403885460687
carry TP+SF,MLR,80,1.75,-31.37564207155653,-84.80438495774493,-14.366883116883116,-16.690751445086704,9.172246712673944,13.232717897689763
carry TP+SF,Friis,80,0.0,-34.118810622401064,-81.13618874900777,-30.03246753246753,-40.39017341040462,9.125741233347542,14.389837745848276
carry TP+SF,SPLMSF,80,3.25,-95.49084332618375,-164.49839540082525,-72.32142857142857,-70.15895953757226,9.600653958010716,13.581058242515436
carry TP+SF,SPLMSFT,80,3.25,-94.06583444179077,-163.20403225697405,-50.56818181818182,-55.5635838150289,9.59204782742415,13.5892269439291
carry TP+SF,ANN,85,1.5,-9.34801571524857,-60.9433423303155,14.853896103896105,16.257225433526013,9.172494914559199,12.976912899273565
carry TP+SF,SVR,85,1.75,-7.552117495950222,-61.818828371390744,10.47077922077922,13.945086705202312,9.185951773294557,13.125969961729961
carry TP+SF,RF,85,1.5,-6.664012655556072,-59.182226782247746,7.386363636363636,11.560693641618498,9.164007489222103,13.008788389518932
carry TP+SF,MLR,85,2.0,-18.10224891119319,-66.15533493841049,-2.191558441558441,7.9479768786127165,9.210960811080595,13.379470800402576
carry TP+SF,Friis,85,0.5,-22.199044433074196,-58.59658736497241,-16.63961038961039,-11.127167630057803,9.142797019419099,14.785839500637085
carry TP+SF,SPLMSF,85,4.0,-87.890851322825,-147.30481115081707,-60.06493506493506,-54.6242774566474,9.691598366184111,14.042263578659412
carry TP+SF,SPLMSFT,85,3.75,-79.50789166593316,-140.04022408898274,-36.12012987012987,-35.910404624277454,9.654006571954266,13.898504827812374
carry TP+SF,ANN,90,2.0,1.981415517568623,-40.99464014800233,17.37012987012987,17.557803468208093,9.245719866402638,13.28306077743144
carry TP+SF,SVR,90,2.0,9.16998115875418,-35.916430062729766,13.87987012987013,15.534682080924856,9.217586722278277,13.28939057795752
carry TP+SF,RF,90,1.75,9.917162359697958,-33.98707357787957,10.714285714285714,13.00578034682081,9.193964377633773,13.170752384889004
carry TP+SF,MLR,90,2.5,-6.807107179802359,-47.868376873213556,4.626623376623376,9.971098265895954,9.290552680850146,13.672302192619828
carry TP+SF,Friis,90,1.0,-1.4367387774674003,-27.803506969709925,-11.03896103896104,-10.83815028901734,9.133856355856755,15.182268661966727
carry TP+SF,SPLMSF,90,4.75,-68.36420205268718,-116.63913024868377,-55.11363636363636,-43.64161849710983,9.771093113476823,14.511837358887421
carry TP+SF,SPLMSFT,90,4.75,-68.12140761267398,-116.13491418054191,-35.146103896103895,-34.104046242774565,9.762967199581293,14.5257299801168
carry TP+SF,ANN,95,2.5,3.0567649973349087,-35.65326641691774,19.805194805194805,28.251445086705203,9.319273955528697,13.58784630051831
carry TP+SF,SVR,95,2.5,10.331046758977275,-29.56945462442649,15.584415584415584,25.289017341040463,9.28834044665548,13.6026434597089
carry TP+SF,RF,95,2.5,5.153408297117129,-34.07553886038497,11.03896103896104,20.014450867052023,9.306577889528578,13.628927932851157
carry TP+SF,MLR,95,3.25,-11.784356365050737,-47.75395661970303,7.548701298701299,13.945086705202312,9.395574452472037,14.140087040946447
carry TP+SF,Friis,95,2.0,-23.022728049032633,-50.17272036267879,-9.577922077922077,-5.997109826589595,9.333254196500354,15.75067053917596
carry TP+SF,SPLMSF,95,6.0,-73.91426118913515,-112.99746179113393,-53.40909090909091,-13.00578034682081,9.882649069512714,15.288822195336252
carry TP+SF,SPLMSFT,95,6.0,-74.20986182247717,-113.03538222439394,-34.65909090909091,-9.104046242774569,9.8755807114761,15.303160527258001
carry TP+SF,ANN,99,4.0,36.17293839094017,16.912827712003015,43.26298701298701,32.73121387283237,9.498146579400323,14.551122345327839
carry TP+SF,SVR,99,3.75,41.89702851918214,20.567213721571044,41.1525974025974,30.202312138728324,9.463311984374073,14.37637339039559
carry TP+SF,RF,99,3.75,39.95391494619393,19.887684124651045,38.5551948051948,27.60115606936416,9.461250829587822,14.42868706093556
carry TP+SF,MLR,99,4.75,26.61465890154202,8.825472070518193,20.0487012987013,17.991329479768787,9.570049586420119,15.09962369729121
carry TP+SF,Friis,99,3.75,17.6256157688762,8.202372205854614,-10.308441558441558,-2.8179190751445087,9.469295808085986,16.96524608452538
carry TP+SF,SPLMSF,99,8.75,-6.119680903463924,-23.96624225007949,-18.99350649350649,-7.225433526011561,10.089908435087114,16.818785256287782
carry TP+SF,SPLMSFT,99,8.75,-6.056393354547848,-23.66286772620536,-10.876623376623376,-3.8294797687861273,10.082656623483135,16.831149009219533
carry SF,ANN,80,1.25,-3.9588073209809767,-15.515588211030867,3.814935064935065,-3.684971098265896,8.143180113633298,14.313083177713832
carry SF,SVR,80,1.5,-0.7060016244973881,-12.00237477973111,-0.8928571428571428,-8.38150289017341,8.123998424457598,14.535880590999682
carry SF,RF,80,1.25,0.34030105730450444,-10.692053548848675,-4.058441558441558,-12.066473988439306,8.121543384070835,14.366105859474219
carry SF,MLR,80,1.75,-12.78074260157016,-22.489272243612383,-14.366883116883116,-16.690751445086704,8.220608310446602,14.624563146165656
carry SF,Friis,80,0.0,-17.428141065418487,-26.77834622827912,-30.03246753246753,-40.39017341040462,8.293919593380563,15.53592657371824
carry SF,SPLMSF,80,3.25,-74.9668434130148,-78.5044567691366,-72.32142857142857,-70.15895953757226,8.459427085300513,15.495050699508312
carry SF,SPLMSFT,80,3.25,-73.09004825386654,-77.09487082739979,-50.56818181818182,-55.5635838150289,8.45514830062644,15.4869143927937
carry SF,ANN,85,1.5,6.446941592682007,-4.041646506042371,14.853896103896105,16.257225433526013,8.175187365444902,14.481059117974295
carry SF,SVR,85,1.75,8.775685229249467,-2.390010434944822,10.47077922077922,13.945086705202312,8.159140573993838,14.69365146758432
carry SF,RF,85,1.5,9.318524157589982,-1.9385679058406438,7.386363636363636,11.560693641618498,8.162577630535306,14.518946236840536
carry SF,MLR,85,2.0,-2.047784571225066,-12.204921329843394,-2.191558441558441,7.9479768786127165,8.257201901442269,14.777286541043665
carry SF,Friis,85,0.5,-10.22354569213445,-16.601122776744663,-16.63961038961039,-11.127167630057803,8.334479018847157,15.90076464653372
carry SF,SPLMSF,85,4.0,-71.0322808204923,-74.2785022647911,-60.06493506493506,-54.6242774566474,8.57404779504999,15.929261158601658
carry SF,SPLMSFT,85,3.75,-62.19401033943398,-66.71077714105827,-36.12012987012987,-35.910404624277454,8.532765346700264,15.778734272650057
carry SF,ANN,90,2.0,14.578058396413207,5.496535357426503,17.37012987012987,17.557803468208093,8.251455488229295,14.79423795757236
carry SF,SVR,90,2.0,22.190550835343085,12.345161152249261,13.87987012987013,15.534682080924856,8.194482364176913,14.85570699123048
carry SF,RF,90,1.75,22.796990243856513,12.507906613971768,10.714285714285714,13.00578034682081,8.193575887726416,14.6816358574993
carry SF,MLR,90,2.5,6.551231488092295,-3.1443830938759008,4.626623376623376,9.971098265895954,8.331689445484614,15.086905892956883
carry SF,Friis,90,1.0,7.800849768757038,2.799773621157861,-11.03896103896104,-10.83815028901734,8.342491623186373,16.25529467427502
carry SF,SPLMSF,90,4.75,-55.43229498488389,-58.74245602020292,-55.11363636363636,-43.64161849710983,8.688862749753147,16.34886580467643
carry SF,SPLMSFT,90,4.75,-55.188474574245156,-58.73846109945927,-35.146103896103895,-34.104046242774565,8.687060588238468,16.34340207699727
carry SF,ANN,95,2.5,14.28056971374353,5.817690094198768,19.805194805194805,28.251445086705203,8.330189442786768,15.098306576616983
carry SF,SVR,95,2.5,21.717526716987408,13.329838206151429,15.584415584415584,25.289017341040463,8.273707326811738,15.166293905938417
carry SF,RF,95,2.5,16.525343130784734,7.353170725086182,11.03896103896104,20.014450867052023,8.315124667490409,15.13808515110616
carry SF,MLR,95,3.25,-0.405046684845571,-8.814422319950026,7.548701298701299,13.945086705202312,8.443013386714725,15.56017404624574
carry SF,Friis,95,2.0,-9.044740286688905,-18.303607785650264,-9.577922077922077,-5.997109826589595,8.526538716796253,16.80846296722549
carry SF,SPLMSF,95,6.0,-63.31160519912553,-64.46329437793523,-53.40909090909091,-13.00578034682081,8.875569920089784,17.009628280240683
carry SF,SPLMSFT,95,6.0,-63.68698518155427,-65.00028843282566,-34.65909090909091,-9.104046242774569,8.876012366928718,17.00379695338181
carry SF,ANN,99,4.0,41.116011818530566,36.41905029796022,43.26298701298701,32.73121387283237,8.550954228334943,16.01365614228752
carry SF,SVR,99,3.75,47.359912879731034,41.65044887090924,41.1525974025974,30.202312138728324,8.474615961539499,15.913547396943283
carry SF,RF,99,3.75,45.11854547578053,39.75440123869301,38.5551948051948,27.60115606936416,8.50222572342756,15.904032028729727
carry SF,MLR,99,4.75,31.313636961025374,26.733111094525395,20.0487012987013,17.991329479768787,8.662040759066114,16.472781010478364
carry SF,Friis,99,3.75,20.85287843446481,19.219587156972597,-10.308441558441558,-2.8179190751445087,8.73484484684325,17.958578918786813
carry SF,SPLMSF,99,8.75,-1.0866313389005609,-2.6526288360245864,-18.99350649350649,-7.225433526011561,9.27829906168896,18.203731648468718
carry SF,SPLMSFT,99,8.75,-1.085614883449897,-2.6411962067830395,-10.876623376623376,-3.8294797687861273,9.277667765589506,18.19848249355392
carry TP,ANN,80,1.25,-24.87725894532791,-114.0899089442373,3.814935064935065,-3.684971098265896,9.314029341779392,12.323954985242208
carry TP,SVR,80,1.5,-22.138203667714034,-112.5449497387878,-0.8928571428571428,-8.38150289017341,9.324351302790113,12.47679849735053
carry TP,RF,80,1.25,-20.417564253740245,-107.48772376821829,-4.058441558441558,-12.066473988439306,9.287552675454453,12.390589422554255
carry TP,MLR,80,1.75,-35.84000863990868,-132.08211111967626,-14.366883116883116,-16.690751445086704,9.399157192728763,12.585495137410629
carry TP,Friis,80,0.0,-41.92584448544807,-158.3218042916436,-30.03246753246753,-40.39017341040462,9.425558319349495,13.494999269146188
carry TP,SPLMSF,80,3.25,-95.10448859526,-203.8669961064973,-72.32142857142857,-70.15895953757226,9.824154359989857,12.90205505296133
carry TP,SPLMSFT,80,3.25,-93.90357496698685,-203.53417532528135,-50.56818181818182,-55.5635838150289,9.81619031688906,12.905561782954468
carry TP,ANN,85,1.5,-10.942849267036987,-88.02523041407494,14.853896103896105,16.257225433526013,9.340074352651714,12.496645825642215
carry TP,SVR,85,1.75,-9.366367635963956,-89.90795096158888,10.47077922077922,13.945086705202312,9.363599574819379,12.617184323015405
carry TP,RF,85,1.5,-8.42205376586519,-87.5054652294813,7.386363636363636,11.560693641618498,9.33875780352123,12.507280475613294
carry TP,MLR,85,2.0,-21.805429013086695,-108.81432210750903,-2.191558441558441,7.9479768786127165,9.444486410946782,12.708173775559027
carry TP,Friis,85,0.5,-29.87958618161695,-122.14773316855056,-16.63961038961039,-11.127167630057803,9.427813719089423,13.962675394230986
carry TP,SPLMSF,85,4.0,-86.52732923181173,-181.7287030937571,-60.06493506493506,-54.6242774566474,9.917240858346867,13.342384583598927
carry TP,SPLMSFT,85,3.75,-78.43718537543785,-174.80013291438092,-36.12012987012987,-35.910404624277454,9.87922820005072,13.200250924023202
carry TP,ANN,90,2.0,0.9701483653738446,-64.90909177379238,17.37012987012987,17.557803468208093,9.420993562938063,12.770321141187464
carry TP,SVR,90,2.0,7.884917979573728,-58.956469631468586,13.87987012987013,15.534682080924856,9.395364020438885,12.776453954186893
carry TP,RF,90,1.75,8.501473381709571,-58.61785253986595,10.714285714285714,13.00578034682081,9.37785499614208,12.641011631818797
carry TP,MLR,90,2.5,-9.03561714450585,-83.95687387940099,4.626623376623376,9.971098265895954,9.527407423394646,12.976147050725318
carry TP,Friis,90,1.0,-9.47334150783958,-72.79202157257208,-11.03896103896104,-10.83815028901734,9.390313651643257,14.504402868106729
carry TP,SPLMSF,90,4.75,-66.37578206388703,-144.25906109850814,-55.11363636363636,-43.64161849710983,9.995920855972763,13.803168088751743
carry TP,SPLMSFT,90,4.75,-66.03179312113708,-143.5607109056581,-35.146103896103895,-34.104046242774565,9.985140261043634,13.822750013720855
carry TP,ANN,95,2.5,2.49258699482501,-58.60573268724383,19.805194805194805,28.251445086705203,9.503461337160678,13.038815084295225
carry TP,SVR,95,2.5,9.446980385183256,-50.84943467166166,15.584415584415584,25.289017341040463,9.470072787900698,13.07090801432899
carry TP,RF,95,2.5,4.6040827208421895,-58.142373836088666,11.03896103896104,20.014450867052023,9.499732913188693,13.05380710098111
carry TP,MLR,95,3.25,-12.179043149194005,-78.72655210793498,7.548701298701299,13.945086705202312,9.622420184208964,13.448454015551196
carry TP,Friis,95,2.0,-26.375155204681555,-91.34956022477395,-9.577922077922077,-5.997109826589595,9.583177307872855,15.010563359778276
carry TP,SPLMSF,95,6.0,-71.29301719087351,-136.09312647609744,-53.40909090909091,-13.00578034682081,10.102199824100403,14.589088458583767
carry TP,SPLMSFT,95,6.0,-71.55110521393037,-135.94763756549122,-34.65909090909091,-9.104046242774569,10.093787938467516,14.607417231464337
carry TP,ANN,99,4.0,36.81612199394259,5.848674267998947,43.26298701298701,32.73121387283237,9.674974235565172,13.995668870109068
carry TP,SVR,99,3.75,42.43851714236921,8.6628698833052,41.1525974025974,30.202312138728324,9.656904059179963,13.772522258482471
carry TP,RF,99,3.75,40.455302322643114,7.871990791772171,38.5551948051948,27.60115606936416,9.653968802102161,13.831068358116713
carry TP,MLR,99,4.75,27.96278776606109,-3.9749741903002165,20.0487012987013,17.991329479768787,9.768859296509525,14.4644713972217
carry TP,Friis,99,3.75,17.053908331408667,-0.5861271731163051,-10.308441558441558,-2.8179190751445087,9.618038881364894,16.553858406392685
carry TP,SPLMSF,99,8.75,-5.859078832337812,-35.042561737276436,-18.99350649350649,-7.225433526011561,10.305838679565971,16.16234714837477
carry TP,SPLMSFT,99,8.75,-5.860720581737375,-34.712223465191094,-10.876623376623376,-3.8294797687861273,10.29835485315621,16.17555861777322
"carry TP+SF, TP before SF",ANN,80,1.25,-8.63707748282173,-22.098434349376635,3.814935064935065,-3.684971098265896,8.18506687961669,14.27744784393183
"carry TP+SF, TP before SF",SVR,80,1.5,-5.247569894250605,-18.333948666350253,-0.8928571428571428,-8.38150289017341,8.165394182363638,14.501098372566943
"carry TP+SF, TP before SF",RF,80,1.25,-3.8174203675040856,-16.466987721739674,-4.058441558441558,-12.066473988439306,8.159912158115393,14.333007383309344
"carry TP+SF, TP before SF",MLR,80,1.75,-17.569362819054213,-29.03776792343365,-14.366883116883116,-16.690751445086704,8.255647941812844,14.594882508882362
"carry TP+SF, TP before SF",Friis,80,0.0,-20.98454389666074,-32.62739083924665,-30.03246753246753,-40.39017341040462,8.323358495249092,15.497924682250401
"carry TP+SF, TP before SF",SPLMSF,80,3.25,-78.7825229584607,-84.03055297476325,-72.32142857142857,-70.15895953757226,8.486675335747007,15.473023111748779
"carry TP+SF, TP before SF",SPLMSFT,80,3.25,-77.18221678401599,-82.83761835017732,-50.56818181818182,-55.5635838150289,8.483464898318163,15.465033370569484
"carry TP+SF, TP before SF",ANN,85,1.5,2.509635910151163,-9.365217239228425,14.853896103896105,16.257225433526013,8.211554337327945,14.453347148107989
"carry TP+SF, TP before SF",SVR,85,1.75,4.624929192415759,-8.19335544686631,10.47077922077922,13.945086705202312,8.200471583581985,14.660941007375131
"carry TP+SF, TP before SF",RF,85,1.5,5.464468189610076,-7.408694232798374,7.386363636363636,11.560693641618498,8.201550722213529,14.485589286812301
"carry TP+SF, TP before SF",MLR,85,2.0,-6.47574829234676,-18.36655221261636,-2.191558441558441,7.9479768786127165,8.293045491089012,14.747266901757325
"carry TP+SF, TP before SF",Friis,85,0.5,-11.458007119997431,-19.347553617544687,-16.63961038961039,-11.127167630057803,8.34948444151878,15.875969828765134
"carry TP+SF, TP before SF",SPLMSF,85,4.0,-73.83278549344217,-78.5128746232635,-60.06493506493506,-54.6242774566474,8.599046041449714,15.909896119322147
"carry TP+SF, TP before SF",SPLMSFT,85,3.75,-65.36434995124952,-71.35555179871636,-36.12012987012987,-35.910404624277454,8.559495610603616,15.75827770731164
"carry TP+SF, TP before SF",ANN,90,2.0,11.545563125536145,1.2632510094308562,17.37012987012987,17.557803468208093,8.283300869246167,14.768892986160262
"carry TP+SF, TP before SF",SVR,90,2.0,18.85045836480043,7.732930036572535,13.87987012987013,15.534682080924856,8.23228459043991,14.827760800700645
"carry TP+SF, TP before SF",RF,90,1.75,19.437090450974267,7.763938230915926,10.714285714285714,13.00578034682081,8.23200401439571,14.650868249762869
"carry TP+SF, TP before SF",MLR,90,2.5,2.4681419876973707,-8.817360784145901,4.626623376623376,9.971098265895954,8.367516848051885,15.058563157374845
"carry TP+SF, TP before SF",Friis,90,1.0,5.6063881117694345,-0.2464485630174931,-11.03896103896104,-10.83815028901734,8.358511436171648,16.241864043583547
"carry TP+SF, TP before SF",SPLMSF,90,4.75,-57.233760880050646,-61.568767329157716,-55.11363636363636,-43.64161849710983,8.711972503547669,16.332235907967327
"carry TP+SF, TP before SF",SPLMSFT,90,4.75,-57.06575387633956,-61.641817308469705,-35.146103896103895,-34.104046242774565,8.71052106208824,16.32731294297795
"carry TP+SF, TP before SF",ANN,95,2.5,11.532888661925682,1.8571680647175584,19.805194805194805,28.251445086705203,8.360998850717358,15.073072739190422
"carry TP+SF, TP before SF",SVR,95,2.5,18.985336097044634,9.546023698998283,15.584415584415584,25.289017341040463,8.305094073910205,15.143403242633518
"carry TP+SF, TP before SF",RF,95,2.5,13.509954844937406,2.8903514129815187,11.03896103896104,20.014450867052023,8.350601350002428,15.108339092781238
"carry TP+SF, TP before SF",MLR,95,3.25,-4.052357633159527,-13.998747862203775,7.548701298701299,13.945086705202312,8.474394738120033,15.535085015016117
"carry TP+SF, TP before SF",Friis,95,2.0,-16.504484802134844,-26.48050872763795,-9.577922077922077,-5.997109826589595,8.564470439695036,16.797962185447247
"carry TP+SF, TP before SF",SPLMSF,95,6.0,-64.07257090281703,-65.75759426663406,-53.40909090909091,-13.00578034682081,8.89585233066966,16.99642630700491
"carry TP+SF, TP before SF",SPLMSFT,95,6.0,-64.52051946129332,-66.43100008143982,-34.65909090909091,-9.104046242774569,8.897114922868566,16.990118439709754
"carry TP+SF, TP before SF",ANN,99,4.0,39.95420143855216,34.69099760259921,43.26298701298701,32.73121387283237,8.577409311887251,15.996761356295615
"carry TP+SF, TP before SF",SVR,99,3.75,45.92481439512726,39.35102356545311,41.1525974025974,30.202312138728324,8.508630411205775,15.88598097581889
"carry TP+SF, TP before SF",RF,99,3.75,43.79791929447877,37.653903682040024,38.5551948051948,27.60115606936416,8.532711389768687,15.879644586365346
"carry TP+SF, TP before SF",MLR,99,4.75,30.061573118291985,24.80168702465606,20.0487012987013,17.991329479768787,8.689860952987326,16.456496737570728
"carry TP+SF, TP before SF",Friis,99,3.75,20.529284515237144,18.82777153896566,-10.308441558441558,-2.8179190751445087,8.748166813249664,17.957648839599777
"carry TP+SF, TP before SF",SPLMSF,99,8.75,-1.4055037683368645,-3.1358623459669004,-18.99350649350649,-7.225433526011561,9.30553112505598,18.18674288058061
"carry TP+SF, TP before SF",SPLMSFT,99,8.75,-1.4062416343670119,-3.120158659008647,-10.876623376623376,-3.8294797687861273,9.304500547662856,18.181547932843095
"carry TP, TP before SF",ANN,80,1.25,-6.002637149584246,-28.14871314256659,3.814935064935065,-3.684971098265896,8.479677121721442,13.956947015891942
"carry TP, TP before SF",SVR,80,1.5,-3.092687431171226,-24.775200591801607,-0.8928571428571428,-8.38150289017341,8.463301192987757,14.173800542506628
"carry TP, TP before SF",RF,80,1.25,-2.065678022054137,-23.053214810727656,-4.058441558441558,-12.066473988439306,8.45579038811221,14.023946700621764
"carry TP, TP before SF",MLR,80,1.75,-13.232825573754779,-33.849672115406754,-14.366883116883116,-16.690751445086704,8.539574711465308,14.292202967448043
"carry TP, TP before SF",Friis,80,0.0,-9.415319562480017,-35.2921208973855,-30.03246753246753,-40.39017341040462,8.572170093831105,15.188892649757337
"carry TP, TP before SF",SPLMSF,80,3.25,-72.52138785917589,-92.47400387051233,-72.32142857142857,-70.15895953757226,8.8188396022295,14.97248125941722
"carry TP, TP before SF",SPLMSFT,80,3.25,-70.55255101488594,-90.88847325735667,-50.56818181818182,-55.5635838150289,8.812726281881801,14.970096732994147
"carry TP, TP before SF",ANN,85,1.5,4.792168614659517,-14.518097925253127,14.853896103896105,16.257225433526013,8.505598031651136,14.134254438353471
"carry TP, TP before SF",SVR,85,1.75,6.9886822731149385,-13.329097173237566,10.47077922077922,13.945086705202312,8.496819238883523,14.330345840606055
"carry TP, TP before SF",RF,85,1.5,7.801494877422409,-12.545368691667816,7.386363636363636,11.560693641618498,8.495756287331451,14.168164425274451
"carry TP, TP before SF",MLR,85,2.0,-1.7198612931868371,-21.941715878021892,-2.191558441558441,7.9479768786127165,8.575537006361522,14.43202709041898
"carry TP, TP before SF",Friis,85,0.5,-4.893782734694012,-23.93776342406101,-16.63961038961039,-11.127167630057803,8.612600022661912,15.595153559030226
"carry TP, TP before SF",SPLMSF,85,4.0,-67.49397749069183,-85.72044841114851,-60.06493506493506,-54.6242774566474,8.916647332099519,15.417718061169575
"carry TP, TP before SF",SPLMSFT,85,3.75,-58.84906059684099,-78.22699211258082,-36.12012987012987,-35.910404624277454,8.879929640161222,15.265038047111162
"carry TP, TP before SF",ANN,90,2.0,14.077693007466827,-2.747934768651311,17.37012987012987,17.557803468208093,8.575574776213626,14.43763902976494
"carry TP, TP before SF",SVR,90,2.0,20.857702656624948,3.636994868429167,13.87987012987013,15.534682080924856,8.52732648799728,14.498687396860438
"carry TP, TP before SF",RF,90,1.75,21.848482937684633,3.8987572942972277,10.714285714285714,13.00578034682081,8.525621448959441,14.325403163354135
"carry TP, TP before SF",MLR,90,2.5,8.032155128548196,-10.933527372340885,4.626623376623376,9.971098265895954,8.647704402346047,14.720329853989595
"carry TP, TP before SF",Friis,90,1.0,7.584170529612724,-3.1186063433634383,-11.03896103896104,-10.83815028901734,8.6195442797559,16.050726061003907
"carry TP, TP before SF",SPLMSF,90,4.75,-51.66417778621397,-67.57123086361628,-55.11363636363636,-43.64161849710983,9.013035994669055,15.854869211133453
"carry TP, TP before SF",SPLMSFT,90,4.75,-51.34585743064754,-67.48686194219732,-35.146103896103895,-34.104046242774565,9.010262608385986,15.855905091486356
"carry TP, TP before SF",ANN,95,2.5,14.841801781449107,-1.3350198170317895,19.805194805194805,28.251445086705203,8.648697209887068,14.725679708757703
"carry TP, TP before SF",SVR,95,2.5,21.1820770980808,6.008904090995485,15.584415584415584,25.289017341040463,8.596634166608213,14.808579156852641
"carry TP, TP before SF",RF,95,2.5,16.9937840216487,0.025534788392141933,11.03896103896104,20.014450867052023,8.637020929893758,14.767555286215837
"carry TP, TP before SF",MLR,95,3.25,2.567602615059351,-15.388230583380857,7.548701298701299,13.945086705202312,8.752051712323224,15.17432525853361
"carry TP, TP before SF",Friis,95,2.0,-1.353066422524785,-23.527804924396666,-9.577922077922077,-5.997109826589595,8.802188493144772,16.437149293942106
"carry TP, TP before SF",SPLMSF,95,6.0,-59.383301029779986,-71.5666313760621,-53.40909090909091,-13.00578034682081,9.16688339367517,16.560797060039608
"carry TP, TP before SF",SPLMSFT,95,6.0,-59.692780589547176,-72.05026535819962,-34.65909090909091,-9.104046242774569,9.165993104304144,16.561434636356143
"carry TP, TP before SF",ANN,99,4.0,42.38494868099999,33.13676401370707,43.26298701298701,32.73121387283237,8.847113034375962,15.643284711187192
"carry TP, TP before SF",SVR,99,3.75,48.6750422095058,38.102019606312005,41.1525974025974,30.202312138728324,8.784226230622718,15.51256487046715
"carry TP, TP before SF",RF,99,3.75,46.47885513690297,36.358176939998536,38.5551948051948,27.60115606936416,8.805571592754664,15.5207368366072
"carry TP, TP before SF",MLR,99,4.75,33.90405013690648,23.655361018703346,20.0487012987013,17.991329479768787,8.950834443946842,16.104356602597033
"carry TP, TP before SF",Friis,99,3.75,20.016837857499407,16.686332227028704,-10.308441558441558,-2.8179190751445087,8.995435243588567,17.807015363110835
"carry TP, TP before SF",SPLMSF,99,8.75,-0.34556570907988493,-5.484469528160273,-18.99350649350649,-7.225433526011561,9.498092622468745,17.88220660967741
"carry TP, TP before SF",SPLMSFT,99,8.75,-0.4361363737574311,-5.465573333413859,-10.876623376623376,-3.8294797687861273,9.497374995278768,17.881599300791237
