scheme,pdr,LM_dB,LM_ADR_dB,pdr_at_LM,mean_sf,mean_tp_dbm,mean_energy_mJ,mean_toa_ms,energy_improvement_pct,toa_improvement_pct,paper_energy_pct,paper_toa_pct
ADR,80,5.25,5.25,80.06453249016636,8.135868949404585,14.72517229511161,29.68755502315516,101.50711827898972,0.0,0.0,,
Friis,80,0.0,5.25,84.13558297766723,8.293919593380563,15.044929246304168,36.48468132374513,130.78406854688586,-22.895540893443286,-28.84226324643479,,
SPLMSF,80,3.05,5.25,80.11363329790161,8.428833505096232,15.01056999687891,56.98613640098072,177.65391929122174,-91.95294579339293,-75.01621788035048,,
SPLMSFT,80,2.7,5.25,80.41039642157631,8.36949167174761,14.828215018737213,49.58374443468954,160.56004981303926,-67.01861906787579,-58.17614817095295,,
MLR,80,2.25,5.25,80.30895739021113,8.294793695672114,14.575393778838976,46.729297915575685,150.52027716596615,-57.40365913975947,-48.285440191755804,,
ANN,80,1.2,5.25,80.38072010920882,8.134379738093054,13.930451986912859,34.23312807524047,117.32404318712807,-15.31137558663872,-15.582084464919912,,
SVR,80,1.45,5.25,80.56039669136096,8.117253808010446,14.149045361684935,33.292311535643144,114.20094899451259,-12.142315221568142,-12.505360146895494,,
RF,80,1.25,5.25,80.13683477847981,8.121543384070835,14.010005371716575,33.353658582410596,114.18950908904512,-12.348957522423161,-12.494090094448508,,
ADR,85,5.85,5.85,85.4359450286781,8.23001300362051,15.087511864935951,35.07555858209662,119.2752446245407,0.0,0.0,,
Friis,85,0.5,5.85,85.32857073483945,8.334479018847157,15.443107140395549,40.97843049825633,139.52248219151474,-16.829017568868228,-16.9752220007673,,
SPLMSF,85,3.8,5.85,85.3102253781032,8.543589107174654,15.445104226029377,66.54466048541231,202.02063891481816,-89.71803493780496,-69.37348529508087,,
SPLMSFT,85,3.3,5.85,85.159145969687,8.46374363982669,15.184299185335497,57.361828169503134,182.12957303880046,-63.53788931185245,-52.69687654979462,,
MLR,85,2.75,5.85,85.10626817674132,8.36975066501918,14.874594867868879,52.507578574728555,166.4196531000955,-49.698481499107594,-39.52572776015496,,
ANN,85,1.45,5.85,85.66148500267087,8.169559657481399,14.09086174079049,36.50657988382631,123.62212968008939,-4.079824697246934,-3.644415125059673,,
SVR,85,1.7,5.85,85.20123237631722,8.151726891595128,14.311681901377302,35.58568397928267,121.15264472058401,-1.4543614351630823,-1.5740064939318021,,
RF,85,1.45,5.85,85.66580155719704,8.153426534939811,14.12931913329527,35.26621755094695,120.59780930541243,-0.5435664507069216,-1.1088341801645039,,
ADR,90,6.55,6.55,90.43343603135978,8.361047411955777,15.457439709605998,42.851313419402736,146.24705394074454,0.0,0.0,,
Friis,90,0.85,6.55,90.07947856021323,8.342421479175322,15.77294648709528,44.09905184040461,142.55880051582827,-2.911785710719689,2.521933485518727,,
SPLMSF,90,4.65,6.55,90.03739215358301,8.6732476137547,15.922776298105532,77.96197242238169,229.56960541295933,-81.93601596137103,-56.973832447917154,,
SPLMSFT,90,4.1,6.55,90.24998246399724,8.591475883949432,15.646834039303762,68.86183727075658,212.4746198464386,-60.69947867590094,-45.284717962611225,,
MLR,90,3.45,6.55,90.28235662294357,8.475738265716306,15.28760046829718,61.27672791501813,189.60262152989486,-42.99848248588924,-29.64542971697527,,
ANN,90,1.8,6.55,90.40429928830808,8.225459038595393,14.299303738792766,40.04150373839237,134.1807438934243,6.557114489139796,8.250634609165653,,
SVR,90,2.0,6.55,90.62336443051157,8.194482364176913,14.503591399080568,38.391412659396806,128.56584297453773,10.407850784770861,12.089960440072009,,
RF,90,1.7,6.55,90.04332741605651,8.186825875586107,14.29474835048891,37.49768963982994,126.01488356633736,12.493488185939054,13.834241326054137,,
ADR,95,7.45,7.45,95.05538679026401,8.4690260234281,16.084627436938774,53.164431328774114,167.62893481463095,0.0,0.0,,
Friis,95,1.85,7.45,96.21384211122682,8.510297680391512,16.352273771769106,58.44521768118618,191.21285797996038,-9.932931135396057,-14.069124278221553,,
SPLMSF,95,6.0,7.45,95.12175381610398,8.875569920089784,16.63937368221234,96.2384908983715,270.4654538155644,-81.02044636426773,-61.34771369552228,,
SPLMSFT,95,5.25,7.45,95.10556673663082,8.770656062331048,16.294268212215744,86.58240309297254,254.54152393799268,-62.857762095748505,-51.848202232790086,,
MLR,95,4.45,7.45,95.06401989931636,8.627524509936169,15.862499569903955,74.85848999936107,223.1028500698742,-40.80558773671205,-33.09328148901496,,
ANN,95,2.45,7.45,95.00358813594988,8.324221806154327,14.699242782562202,47.20955868430912,153.74828366238066,11.200858347641248,8.280581850382767,,
SVR,95,2.4,7.45,95.10934372184123,8.258291831460129,14.742486688829787,42.508402613595095,139.80708471777825,20.043529948211212,16.59728383266226,,
RF,95,2.3,7.45,95.16384022273421,8.280791871927827,14.657715443637997,43.95618203362906,145.3819459675287,17.320319365781096,13.271568462630645,,
ADR,99,10.85,10.85,99.00179676582152,9.148111777179455,17.71934005649453,121.75194925971654,329.314559716834,0.0,0.0,,
Friis,99,3.55,10.85,99.07949474729271,8.733015706862782,17.48965021219854,89.10215434663323,260.9941886658069,26.816650666870256,20.746234575772597,,
SPLMSF,99,8.6,10.85,99.00827159761079,9.25630082068493,17.802775530529804,126.01713913904209,329.3492979663632,-3.5031799533880217,-0.010548652801450356,,
SPLMSFT,99,7.6,10.85,99.00503418171616,9.11269444729217,17.476624788327094,119.05536007209459,317.22383523711375,2.214822188899568,3.671481907789532,,
MLR,99,6.55,10.85,99.04927886560947,8.955064667382496,16.936732899564163,103.76726805568414,286.64329379009666,14.771575579186964,12.95760077034823,,
ANN,99,3.85,10.85,99.0255378157155,8.53168620806872,15.559690491543854,65.70187481627978,202.1000206978789,46.03628507324586,38.630098568475816,43.5,32.7
SVR,99,3.75,10.85,99.0293148009259,8.474615961539499,15.541093728228027,59.744783577465476,188.68868469187888,50.929094818826904,42.70259873899119,40.6,29.9
RF,99,3.75,10.85,99.0233795384524,8.50222572342756,15.539590991921758,62.568149532690676,194.8200554893085,48.61014553514645,40.84074033749757,38.7,27.5
