scheme,pdr,LM_dB,LM_ADR_dB,pdr_at_LM,mean_sf,mean_tp_dbm,mean_energy_mJ,mean_toa_ms,energy_improvement_pct,toa_improvement_pct,paper_energy_pct,paper_toa_pct,reading
ADR,80,6.0,6.0,85.63018998235609,8.231539984784146,15.233157775847003,36.10760631223456,119.42633508333647,0.0,0.0,,,paper_integer
Friis,80,0.0,6.0,84.13558297766723,8.293919593380563,15.044929246304168,36.48468132374513,130.78406854688586,-1.0443090806127495,-9.510241987769199,,,paper_integer
SPLMSF,80,4.0,6.0,86.59224207237783,8.57404779504999,15.559380619573945,69.18928691975103,208.53803676625319,-91.61970007495957,-74.61645843919935,,,paper_integer
SPLMSFT,80,3.0,6.0,82.91669589333793,8.415970172608224,15.008239959351403,53.36266990475573,171.06690542968605,-47.78789112551758,-43.2405217076405,,,paper_integer
MLR,80,3.0,6.0,87.13235095746576,8.407364042021658,15.023322041027415,55.53651526859599,174.42019284207345,-53.80835491656012,-46.04835082677694,,,paper_integer
ANN,80,1.0,6.0,75.73125131520021,8.100451619517301,13.816905676420301,32.3249871760182,110.53585440261583,10.475962054938742,7.44432178590829,,,paper_integer
SVR,80,2.0,6.0,90.63361624751124,8.194482364176913,14.503591399080568,38.391412659396806,128.56584297453773,-6.325000686596092,-7.652841297376884,,,paper_integer
RF,80,2.0,6.0,93.26887278574242,8.236914095169237,14.468462618350005,40.702441101675916,136.35362837702945,-12.72539295379562,-14.173836350149232,,,paper_integer
ADR,85,7.0,7.0,92.60736080460576,8.399756114669271,15.809169388358393,47.44672237981693,153.68341102771765,0.0,0.0,,,paper_integer
Friis,85,1.0,7.0,90.07947856021323,8.342491623186373,15.922634943316815,45.38596397338027,142.5663341121117,4.3433103554341015,7.23375206293471,,,paper_integer
SPLMSF,85,5.0,7.0,91.6399130214263,8.726405982744573,16.113549769290135,82.75137083820371,240.75406616198953,-74.40903541401377,-56.65585800836253,,,paper_integer
SPLMSFT,85,4.0,7.0,89.70609659369892,8.575504632202575,15.589688418206967,67.36608712575892,208.63123014250024,-41.98259383753632,-35.753903916716446,,,paper_integer
MLR,85,3.0,7.0,87.13235095746576,8.407364042021658,15.023322041027415,55.53651526859599,174.42019284207345,-17.05026708487735,-13.49318164900426,,,paper_integer
ANN,85,2.0,7.0,92.13631679193668,8.251455488229295,14.433400757266657,42.00795095375372,138.6109170412177,11.462902289699093,9.807495737963253,,,paper_integer
SVR,85,2.0,7.0,90.63361624751124,8.194482364176913,14.503591399080568,38.391412659396806,128.56584297453773,19.085216567608697,16.34370807181643,,,paper_integer
RF,85,2.0,7.0,93.26887278574242,8.236914095169237,14.468462618350005,40.702441101675916,136.35362837702945,14.214430291205792,11.276287098783024,,,paper_integer
ADR,90,8.0,8.0,96.57103699826799,8.571117933665349,16.377929228324334,61.4162701748357,189.78119566402094,0.0,0.0,,,paper_integer
Friis,90,2.0,8.0,96.21438168054259,8.526538716796253,16.46149996859177,60.46820040858443,194.55428695375346,1.543678513124246,-2.515049646005268,,,paper_integer
SPLMSF,90,6.0,8.0,95.12391209336707,8.875569920089784,16.63937368221234,96.2384908983715,270.4654538155644,-56.69869014254079,-42.51435863771395,,,paper_integer
SPLMSFT,90,5.0,8.0,94.2708530051313,8.731704553425455,16.157417098999325,82.68052965902429,245.69498923559212,-34.6231697621085,-29.46224117512578,,,paper_integer
MLR,90,4.0,8.0,93.27750589479477,8.55915568193468,15.60671771402949,68.64892896794319,208.26975703193713,-11.776453979569332,-9.74204072391208,,,paper_integer
ANN,90,2.0,8.0,92.13631679193668,8.251455488229295,14.433400757266657,42.00795095375372,138.6109170412177,31.601266514283076,26.962775971436347,,,paper_integer
SVR,90,3.0,8.0,97.64100295144415,8.359056401180577,15.087565221200872,49.575223739109795,159.93336621109026,19.279982978480483,15.727495734494044,,,paper_integer
RF,90,3.0,8.0,97.97499635790712,8.392018690681098,15.075756579686917,52.45831268908188,168.8726757566111,14.585642306595485,11.017171556040367,,,paper_integer
ADR,95,9.0,9.0,98.20485288642605,8.853895420675217,16.66878389631427,82.49026389698052,263.9687035983877,0.0,0.0,,,paper_integer
Friis,95,3.0,9.0,98.08237065174578,8.714589414729163,16.989487133966545,80.27742168208412,260.37029528470373,2.682549564467326,1.3631950548041953,,,paper_integer
SPLMSF,95,7.0,9.0,97.3204987778755,9.023498243701876,17.12308639813442,108.88767276057571,296.5266745587671,-32.000635731462886,-12.334026919310253,,,paper_integer
SPLMSFT,95,6.0,9.0,96.9989154656753,8.885449434261572,16.692514158963665,98.05500519063324,279.0590549983003,-18.868579827906743,-5.716719896791877,,,paper_integer
MLR,95,5.0,9.0,96.75395099631474,8.710904156302439,16.167377838239755,82.57115590565877,240.76885433247182,-0.09806249229516495,8.788863584833546,,,paper_integer
ANN,95,3.0,9.0,97.19046257277442,8.407676992224806,15.036448219034847,54.12161558169728,172.46131829733505,34.390298897227375,34.6659979208276,,,paper_integer
SVR,95,3.0,9.0,97.64100295144415,8.359056401180577,15.087565221200872,49.575223739109795,159.93336621109026,39.901727310482705,39.411996940963455,,,paper_integer
RF,95,3.0,9.0,97.97499635790712,8.392018690681098,15.075756579686917,52.45831268908188,168.8726757566111,36.40666157330348,36.025493380631744,,,paper_integer
ADR,99,11.0,11.0,99.02715652366281,9.162755688409511,17.81278213103064,124.11450673367955,330.1627868539332,0.0,0.0,,,paper_integer
Friis,99,5.0,11.0,99.6028769835917,8.99272660562339,18.180693419712807,117.35465633193786,325.7529823183135,5.4464627702599975,1.3356455394746265,,,paper_integer
SPLMSF,99,12.0,11.0,99.88345302779321,9.815677726039075,18.741871799155653,153.1306495228043,389.4009890521386,-23.378526453306993,-17.942119632159784,,,paper_integer
SPLMSFT,99,9.0,11.0,99.62014320169641,9.306016737440176,18.04517545415819,132.1124334335301,338.7720132734051,-6.443990239603674,-2.607570193330335,,,paper_integer
MLR,99,7.0,11.0,99.34010672681066,9.027134940890182,17.135229733296026,109.3906245658823,297.7578595069416,11.863143604471007,9.814833360165386,,,paper_integer
ANN,99,4.0,11.0,99.21168922965688,8.550954228334943,15.656496141136683,67.63834763542654,205.605793679485,45.50326999199015,37.725933428576624,43.5,32.7,paper_integer
SVR,99,4.0,11.0,99.32607792460058,8.506196953591644,15.706932518921487,63.00181568775643,195.37000801800002,49.23895896960421,40.8261573390361,40.6,29.9,paper_integer
RF,99,4.0,11.0,99.35899165286268,8.539801330577932,15.688871609751807,66.06644566038136,203.58162796695683,46.76976334269743,38.33901454889794,38.7,27.5,paper_integer
ADR,80,6.0,6.0,85.63018998235609,8.231539984784146,15.233157775847003,36.10760631223456,119.42633508333647,0.0,0.0,,,ours_integer
Friis,80,0.0,6.0,84.13558297766723,8.293919593380563,15.044929246304168,36.48468132374513,130.78406854688586,-1.0443090806127495,-9.510241987769199,,,ours_integer
SPLMSF,80,4.0,6.0,86.59224207237783,8.57404779504999,15.559380619573945,69.18928691975103,208.53803676625319,-91.61970007495957,-74.61645843919935,,,ours_integer
SPLMSFT,80,3.0,6.0,82.91669589333793,8.415970172608224,15.008239959351403,53.36266990475573,171.06690542968605,-47.78789112551758,-43.2405217076405,,,ours_integer
MLR,80,3.0,6.0,87.13235095746576,8.407364042021658,15.023322041027415,55.53651526859599,174.42019284207345,-53.80835491656012,-46.04835082677694,,,ours_integer
ANN,80,2.0,6.0,92.13631679193668,8.251455488229295,14.433400757266657,42.00795095375372,138.6109170412177,-16.34100192213494,-16.063945983517034,,,ours_integer
SVR,80,2.0,6.0,90.63361624751124,8.194482364176913,14.503591399080568,38.391412659396806,128.56584297453773,-6.325000686596092,-7.652841297376884,,,ours_integer
RF,80,2.0,6.0,93.26887278574242,8.236914095169237,14.468462618350005,40.702441101675916,136.35362837702945,-12.72539295379562,-14.173836350149232,,,ours_integer
ADR,85,6.0,6.0,85.63018998235609,8.231539984784146,15.233157775847003,36.10760631223456,119.42633508333647,0.0,0.0,,,ours_integer
Friis,85,1.0,6.0,90.07947856021323,8.342491623186373,15.922634943316815,45.38596397338027,142.5663341121117,-25.696407512900887,-19.37596009508957,,,ours_integer
SPLMSF,85,4.0,6.0,86.59224207237783,8.57404779504999,15.559380619573945,69.18928691975103,208.53803676625319,-91.61970007495957,-74.61645843919935,,,ours_integer
SPLMSFT,85,4.0,6.0,89.70609659369892,8.575504632202575,15.589688418206967,67.36608712575892,208.63123014250024,-86.5703490373242,-74.6944926317265,,,ours_integer
MLR,85,3.0,6.0,87.13235095746576,8.407364042021658,15.023322041027415,55.53651526859599,174.42019284207345,-53.80835491656012,-46.04835082677694,,,ours_integer
ANN,85,2.0,6.0,92.13631679193668,8.251455488229295,14.433400757266657,42.00795095375372,138.6109170412177,-16.34100192213494,-16.063945983517034,,,ours_integer
SVR,85,2.0,6.0,90.63361624751124,8.194482364176913,14.503591399080568,38.391412659396806,128.56584297453773,-6.325000686596092,-7.652841297376884,,,ours_integer
RF,85,2.0,6.0,93.26887278574242,8.236914095169237,14.468462618350005,40.702441101675916,136.35362837702945,-12.72539295379562,-14.173836350149232,,,ours_integer
ADR,90,7.0,7.0,92.60736080460576,8.399756114669271,15.809169388358393,47.44672237981693,153.68341102771765,0.0,0.0,,,ours_integer
Friis,90,1.0,7.0,90.07947856021323,8.342491623186373,15.922634943316815,45.38596397338027,142.5663341121117,4.3433103554341015,7.23375206293471,,,ours_integer
SPLMSF,90,5.0,7.0,91.6399130214263,8.726405982744573,16.113549769290135,82.75137083820371,240.75406616198953,-74.40903541401377,-56.65585800836253,,,ours_integer
SPLMSFT,90,5.0,7.0,94.2708530051313,8.731704553425455,16.157417098999325,82.68052965902429,245.69498923559212,-74.25972862183467,-59.870858925222365,,,ours_integer
MLR,90,4.0,7.0,93.27750589479477,8.55915568193468,15.60671771402949,68.64892896794319,208.26975703193713,-44.68634612608213,-35.518697586933776,,,ours_integer
ANN,90,2.0,7.0,92.13631679193668,8.251455488229295,14.433400757266657,42.00795095375372,138.6109170412177,11.462902289699093,9.807495737963253,,,ours_integer
SVR,90,2.0,7.0,90.63361624751124,8.194482364176913,14.503591399080568,38.391412659396806,128.56584297453773,19.085216567608697,16.34370807181643,,,ours_integer
RF,90,2.0,7.0,93.26887278574242,8.236914095169237,14.468462618350005,40.702441101675916,136.35362837702945,14.214430291205792,11.276287098783024,,,ours_integer
ADR,95,8.0,8.0,96.57103699826799,8.571117933665349,16.377929228324334,61.4162701748357,189.78119566402094,0.0,0.0,,,ours_integer
Friis,95,2.0,8.0,96.21438168054259,8.526538716796253,16.46149996859177,60.46820040858443,194.55428695375346,1.543678513124246,-2.515049646005268,,,ours_integer
SPLMSF,95,6.0,8.0,95.12391209336707,8.875569920089784,16.63937368221234,96.2384908983715,270.4654538155644,-56.69869014254079,-42.51435863771395,,,ours_integer
SPLMSFT,95,6.0,8.0,96.9989154656753,8.885449434261572,16.692514158963665,98.05500519063324,279.0590549983003,-59.65639872219014,-47.04252126872064,,,ours_integer
MLR,95,5.0,8.0,96.75395099631474,8.710904156302439,16.167377838239755,82.57115590565877,240.76885433247182,-34.44508380369039,-26.866549391287876,,,ours_integer
ANN,95,3.0,8.0,97.19046257277442,8.407676992224806,15.036448219034847,54.12161558169728,172.46131829733505,11.87739758922594,9.126234717873801,,,ours_integer
SVR,95,3.0,8.0,97.64100295144415,8.359056401180577,15.087565221200872,49.575223739109795,159.93336621109026,19.279982978480483,15.727495734494044,,,ours_integer
RF,95,3.0,8.0,97.97499635790712,8.392018690681098,15.075756579686917,52.45831268908188,168.8726757566111,14.585642306595485,11.017171556040367,,,ours_integer
ADR,99,11.0,11.0,99.02715652366281,9.162755688409511,17.81278213103064,124.11450673367955,330.1627868539332,0.0,0.0,,,ours_integer
Friis,99,4.0,11.0,99.32230093939017,8.769895269595809,17.83428350353779,97.24444056251008,269.3870334586933,21.64941623530462,18.407814513065517,,,ours_integer
SPLMSF,99,9.0,11.0,99.25863176012906,9.31613905780406,17.949261947005077,129.6670554394642,336.31480528562105,-4.4737306314233924,-1.8633288416024725,,,ours_integer
SPLMSFT,99,8.0,11.0,99.25431520560288,9.166840228129907,17.653775378708783,123.28396862497601,324.0664333281175,0.669170857267859,1.8464690051555526,,,ours_integer
MLR,99,7.0,11.0,99.34010672681066,9.027134940890182,17.135229733296026,109.3906245658823,297.7578595069416,11.863143604471007,9.814833360165386,,,ours_integer
ANN,99,4.0,11.0,99.21168922965688,8.550954228334943,15.656496141136683,67.63834763542654,205.605793679485,45.50326999199015,37.725933428576624,43.5,32.7,ours_integer
SVR,99,4.0,11.0,99.32607792460058,8.506196953591644,15.706932518921487,63.00181568775643,195.37000801800002,49.23895896960421,40.8261573390361,40.6,29.9,ours_integer
RF,99,4.0,11.0,99.35899165286268,8.539801330577932,15.688871609751807,66.06644566038136,203.58162796695683,46.76976334269743,38.33901454889794,38.7,27.5,ours_integer
ADR,80,5.25,5.25,80.06453249016636,8.135868949404585,14.72517229511161,29.68755502315516,101.50711827898972,0.0,0.0,,,grid
Friis,80,0.0,5.25,84.13558297766723,8.293919593380563,15.044929246304168,36.48468132374513,130.78406854688586,-22.895540893443286,-28.84226324643479,,,grid
SPLMSF,80,3.05,5.25,80.11363329790161,8.428833505096232,15.01056999687891,56.98613640098072,177.65391929122174,-91.95294579339293,-75.01621788035048,,,grid
SPLMSFT,80,2.7,5.25,80.41039642157631,8.36949167174761,14.828215018737213,49.58374443468954,160.56004981303926,-67.01861906787579,-58.17614817095295,,,grid
MLR,80,2.25,5.25,80.31435308336884,8.294793695672114,14.575393778838976,46.729297915575685,150.52027716596615,-57.40365913975947,-48.285440191755804,,,grid
ANN,80,1.2,5.25,80.39366977278736,8.134379738093054,13.930451986912859,34.23312807524047,117.32404318712807,-15.31137558663872,-15.582084464919912,,,grid
SVR,80,1.45,5.25,80.56741109246599,8.117253808010446,14.149045361684935,33.292311535643144,114.20094899451259,-12.142315221568142,-12.505360146895494,,,grid
RF,80,1.25,5.25,80.14600745684794,8.121543384070835,14.010005371716575,33.353658582410596,114.18950908904512,-12.348957522423161,-12.494090094448508,,,grid
ADR,85,5.85,5.85,85.4359450286781,8.23001300362051,15.087511864935951,35.07555858209662,119.2752446245407,0.0,0.0,,,grid
Friis,85,0.5,5.85,85.32857073483945,8.334479018847157,15.443107140395549,40.97843049825633,139.52248219151474,-16.829017568868228,-16.9752220007673,,,grid
SPLMSF,85,3.8,5.85,85.31130451673474,8.543589107174654,15.445104226029377,66.54466048541231,202.02063891481816,-89.71803493780496,-69.37348529508087,,,grid
SPLMSFT,85,3.3,5.85,85.159145969687,8.46374363982669,15.184299185335497,57.361828169503134,182.12957303880046,-63.53788931185245,-52.69687654979462,,,grid
MLR,85,2.75,5.85,85.11328257784636,8.36975066501918,14.874594867868879,52.507578574728555,166.4196531000955,-49.698481499107594,-39.52572776015496,,,grid
ANN,85,1.45,5.85,85.67605337419671,8.169559657481399,14.09086174079049,36.50657988382631,123.62212968008939,-4.079824697246934,-3.644415125059673,,,grid
SVR,85,1.7,5.85,85.20986548536958,8.151726891595128,14.311681901377302,35.58568397928267,121.15264472058401,-1.4543614351630823,-1.5740064939318021,,,grid
RF,85,1.45,5.85,85.67659294351249,8.153426534939811,14.12931913329527,35.26621755094695,120.59780930541243,-0.5435664507069216,-1.1088341801645039,,,grid
ADR,90,6.55,6.55,90.43343603135978,8.361047411955777,15.457439709605998,42.851313419402736,146.24705394074454,0.0,0.0,,,grid
Friis,90,0.85,6.55,90.07947856021323,8.342421479175322,15.77294648709528,44.09905184040461,142.55880051582827,-2.911785710719689,2.521933485518727,,,grid
SPLMSF,90,4.65,6.55,90.03901086153033,8.6732476137547,15.922776298105532,77.96197242238169,229.56960541295933,-81.93601596137103,-56.973832447917154,,,grid
SPLMSFT,90,4.1,6.55,90.24998246399724,8.591475883949432,15.646834039303762,68.86183727075658,212.4746198464386,-60.69947867590094,-45.284717962611225,,,grid
MLR,90,3.45,6.55,90.29152930131168,8.475738265716306,15.28760046829718,61.27672791501813,189.60262152989486,-42.99848248588924,-29.64542971697527,,,grid
ANN,90,1.8,6.55,90.42102593709701,8.225459038595393,14.299303738792766,40.04150373839237,134.1807438934243,6.557114489139796,8.250634609165653,,,grid
SVR,90,2.0,6.55,90.63361624751124,8.194482364176913,14.503591399080568,38.391412659396806,128.56584297453773,10.407850784770861,12.089960440072009,,,grid
RF,90,1.7,6.55,90.05735621826658,8.186825875586107,14.29474835048891,37.49768963982994,126.01488356633736,12.493488185939054,13.834241326054137,,,grid
ADR,95,7.45,7.45,95.05538679026401,8.4690260234281,16.084627436938774,53.164431328774114,167.62893481463095,0.0,0.0,,,grid
Friis,95,1.85,7.45,96.21384211122682,8.510297680391512,16.352273771769106,58.44521768118618,191.21285797996038,-9.932931135396057,-14.069124278221553,,,grid
SPLMSF,95,6.0,7.45,95.12391209336707,8.875569920089784,16.63937368221234,96.2384908983715,270.4654538155644,-81.02044636426773,-61.34771369552228,,,grid
SPLMSFT,95,5.25,7.45,95.1061063059466,8.770656062331048,16.294268212215744,86.58240309297254,254.54152393799268,-62.857762095748505,-51.848202232790086,,,grid
MLR,95,4.45,7.45,95.07589042426335,8.627524509936169,15.862499569903955,74.85848999936107,223.1028500698742,-40.80558773671205,-33.09328148901496,,,grid
ANN,95,2.45,7.45,95.02571047789654,8.324221806154327,14.699242782562202,47.20955868430912,153.74828366238066,11.200858347641248,8.280581850382767,,,grid
SVR,95,2.4,7.45,95.12121424678821,8.258291831460129,14.742486688829787,42.508402613595095,139.80708471777825,20.043529948211212,16.59728383266226,,,grid
RF,95,2.3,7.45,95.18056687152315,8.280791871927827,14.657715443637997,43.95618203362906,145.3819459675287,17.320319365781096,13.271568462630645,,,grid
ADR,99,10.85,10.85,99.00287590445306,9.148111777179455,17.71934005649453,121.75194925971654,329.314559716834,0.0,0.0,,,grid
Friis,99,3.55,10.85,99.07949474729271,8.733015706862782,17.48965021219854,89.10215434663323,260.9941886658069,26.816650666870256,20.746234575772597,,,grid
SPLMSF,99,8.6,10.85,99.01474642940006,9.25630082068493,17.802775530529804,126.01713913904209,329.3492979663632,-3.5031799533880217,-0.010548652801450356,,,grid
SPLMSFT,99,7.6,10.85,99.00773202829501,9.11269444729217,17.476624788327094,119.05536007209459,317.22383523711375,2.214822188899568,3.671481907789532,,,grid
MLR,99,6.5,10.85,99.01960255324201,8.947068250122753,16.914018616835033,103.1225769569055,285.32226373069017,15.301087511191772,13.35874612527649,,,grid
ANN,99,3.85,10.85,99.04819972697793,8.53168620806872,15.559690491543854,65.70187481627978,202.1000206978789,46.03628507324586,38.630098568475816,43.5,32.7,grid
SVR,99,3.75,10.85,99.04766015766215,8.474615961539499,15.541093728228027,59.744783577465476,188.68868469187888,50.929094818826904,42.70259873899119,40.6,29.9,grid
RF,99,3.7,10.85,99.00179676582152,8.496560245611953,15.504858557263592,61.87419272106166,193.0947224293569,49.180121470520334,41.36465675997071,38.7,27.5,grid
